{"cameraMode":{"drawMode":0,"name":"Shaded","section":"Shading Mode"},"sceneLighting":true,"audioPlay":false,"sceneViewState":{"showFog":true,"showMaterialUpdate":false,"showSkybox":true,"showFlares":true,"showImageEffects":true,"showParticleSystems":true},"in2DMode":false,"pivot":{"x":4.800000190734863,"y":17.299999237060548,"z":-118.56999969482422},"rotation":{"x":-0.24360156059265138,"y":0.15400858223438264,"z":-0.03921191021800041,"w":-0.9567766785621643},"size":22.0,"orthographic":false}