{"cameraMode":{"drawMode":0,"name":"Shaded","section":"Shading Mode"},"sceneLighting":true,"audioPlay":false,"sceneViewState":{"showFog":true,"showMaterialUpdate":false,"showSkybox":true,"showFlares":true,"showImageEffects":true,"showParticleSystems":true},"in2DMode":false,"pivot":{"x":-1.0520679950714112,"y":8.142573356628418,"z":-10.39112377166748},"rotation":{"x":-0.08490054309368134,"y":0.3359726369380951,"z":-0.030424369499087335,"w":-0.9375468492507935},"size":10.0,"orthographic":false}