{"cameraMode":{"drawMode":0,"name":"Shaded","section":"Shading Mode"},"sceneLighting":true,"audioPlay":false,"sceneViewState":{"showFog":true,"showMaterialUpdate":false,"showSkybox":true,"showFlares":true,"showImageEffects":true,"showParticleSystems":true},"in2DMode":false,"pivot":{"x":26.649999618530275,"y":68.82099914550781,"z":-83.86900329589844},"rotation":{"x":-0.1732802838087082,"y":0.36586371064186098,"z":-0.06953645497560501,"w":-0.9117734432220459},"size":24.02454948425293,"orthographic":false}